{
  "env": {
    "aslr": "2",
    "cpu_model": "Intel(R) Xeon(R) CPU E5-2696 v3 @ 2.30GHz",
    "gil_enabled": false,
    "git_dirty": true,
    "git_sha": "ba8e90b",
    "governor": "n/a (virtualized)",
    "host": "x-VMware20-1",
    "kernel": "6.17.0-29-generic",
    "loadavg": [
      "2.14",
      "2.30",
      "2.30"
    ],
    "nproc": 64,
    "numa_nodes": 2,
    "perf_event_paranoid": "4",
    "pinned_cpus": [
      32,
      33,
      34,
      35,
      36,
      37,
      38,
      39
    ],
    "py_cflags": "-fno-strict-overflow -Wsign-compare -DNDEBUG -g -O3 -Wall",
    "pygo_backend": "fcontext-asm",
    "pygo_netpoll": "epoll",
    "pygo_so": "/home/x/projects/pygo-perf/src/pygo_core.cpython-313t-x86_64-linux-gnu.so",
    "python": "3.13.13",
    "python_build": "main May 27 2026 11:40:38",
    "python_impl": "CPython",
    "timestamp": "2026-06-03T00:39:23+00:00"
  },
  "results": [
    {
      "ci95_hi_s": 0.1258560605,
      "ci95_lo_s": 0.1174495765,
      "inner": 10000,
      "mad_s": 0.005727679499999999,
      "mean_s": 0.12223552950000001,
      "median_s": 0.1202174155,
      "min_s": 0.108716702,
      "name": "spawn+run noop x10k",
      "note": "go()+run() round-trip per goroutine",
      "ops_per_s": 83182.62340284632,
      "per_op_ns": 12021.74155,
      "per_op_s": 1.202174155e-05,
      "rsd_pct": 7.153735381687487,
      "samples": 20,
      "stdev_s": 0.008744406322834547
    },
    {
      "ci95_hi_s": 0.0012757755,
      "ci95_lo_s": 0.0012125109999999999,
      "inner": 100000,
      "mad_s": 3.840400000000002e-05,
      "mean_s": 0.0012353061999999999,
      "median_s": 0.001251018,
      "min_s": 0.001073012,
      "name": "yield 100coro x1000",
      "note": "context-switch, few long-lived goroutines",
      "ops_per_s": 79934901.01661207,
      "per_op_ns": 12.51018,
      "per_op_s": 1.251018e-08,
      "rsd_pct": 5.113406162712178,
      "samples": 20,
      "stdev_s": 6.316622335916562e-05
    },
    {
      "ci95_hi_s": 0.012902116,
      "ci95_lo_s": 0.012056434,
      "inner": 100000,
      "mad_s": 0.0003485995000000004,
      "mean_s": 0.01244117495,
      "median_s": 0.0127274565,
      "min_s": 0.01119398,
      "name": "yield 1000coro x100",
      "note": "context-switch, many short goroutines",
      "ops_per_s": 7857029.40725038,
      "per_op_ns": 127.274565,
      "per_op_s": 1.27274565e-07,
      "rsd_pct": 5.395883437110623,
      "samples": 20,
      "stdev_s": 0.0006713112985090058
    },
    {
      "ci95_hi_s": 0.1164926065,
      "ci95_lo_s": 0.11183710250000001,
      "inner": 100000,
      "mad_s": 0.003089215500000006,
      "mean_s": 0.11277696374999999,
      "median_s": 0.11406275699999999,
      "min_s": 0.092801456,
      "name": "chan unbuf ping-pong x100k",
      "note": "always-park round-trip; comparable to Go BenchmarkPingPong",
      "ops_per_s": 876710.3534065902,
      "per_op_ns": 1140.6275699999999,
      "per_op_s": 1.1406275699999998e-06,
      "rsd_pct": 5.357408402359287,
      "samples": 20,
      "stdev_s": 0.006041922531868186
    },
    {
      "ci95_hi_s": 0.15197930599999998,
      "ci95_lo_s": 0.1419411645,
      "inner": 500000,
      "mad_s": 0.006925406000000023,
      "mean_s": 0.14724012250000001,
      "median_s": 0.14886657050000002,
      "min_s": 0.129601282,
      "name": "chan buf64 send/recv x500k",
      "note": "buffered no-park fast path",
      "ops_per_s": 3358712.424963131,
      "per_op_ns": 297.73314100000005,
      "per_op_s": 2.97733141e-07,
      "rsd_pct": 5.793845616306468,
      "samples": 20,
      "stdev_s": 0.008530865382910525
    }
  ],
  "suite": "micro"
}
