{
  "env": {
    "aslr": "2",
    "cpu_model": "Intel(R) Xeon(R) CPU E5-2696 v3 @ 2.30GHz",
    "gil_enabled": false,
    "git_dirty": true,
    "git_sha": "b7c8278",
    "governor": "n/a (virtualized)",
    "host": "x-VMware20-1",
    "kernel": "6.17.0-29-generic",
    "loadavg": [
      "2.36",
      "3.21",
      "3.17"
    ],
    "nproc": 64,
    "numa_nodes": 2,
    "perf_event_paranoid": "4",
    "pinned_cpus": [
      32,
      33,
      34,
      35,
      36,
      37,
      38,
      39
    ],
    "py_cflags": "-fno-strict-overflow -Wsign-compare -DNDEBUG -g -O3 -Wall",
    "pygo_backend": "fcontext-asm",
    "pygo_netpoll": "epoll",
    "pygo_so": "/home/x/projects/pygo-perf/src/pygo_core.cpython-313t-x86_64-linux-gnu.so",
    "python": "3.13.13",
    "python_build": "main May 27 2026 11:40:38",
    "python_impl": "CPython",
    "timestamp": "2026-06-03T00:59:55+00:00"
  },
  "results": [
    {
      "ci95_hi_s": 0.1247556,
      "ci95_lo_s": 0.117305402,
      "inner": 10000,
      "mad_s": 0.005529244000000003,
      "mean_s": 0.12104498585000001,
      "median_s": 0.120135666,
      "min_s": 0.103990184,
      "name": "spawn+run noop x10k",
      "note": "go()+run() round-trip per goroutine",
      "ops_per_s": 83239.22722499412,
      "per_op_ns": 12013.5666,
      "per_op_s": 1.20135666e-05,
      "rsd_pct": 6.998704521926155,
      "samples": 20,
      "stdev_s": 0.008471580898248825
    },
    {
      "ci95_hi_s": 0.001292265,
      "ci95_lo_s": 0.0011747955,
      "inner": 100000,
      "mad_s": 7.916450000000012e-05,
      "mean_s": 0.0012023628999999999,
      "median_s": 0.0012247895,
      "min_s": 0.000957509,
      "name": "yield 100coro x1000",
      "note": "context-switch, few long-lived goroutines",
      "ops_per_s": 81646682.96062303,
      "per_op_ns": 12.247895,
      "per_op_s": 1.2247895e-08,
      "rsd_pct": 10.59547631054156,
      "samples": 20,
      "stdev_s": 0.0001273960762362405
    },
    {
      "ci95_hi_s": 0.0129535065,
      "ci95_lo_s": 0.012575458000000001,
      "inner": 100000,
      "mad_s": 0.00024394849999999964,
      "mean_s": 0.012703184849999999,
      "median_s": 0.0128031865,
      "min_s": 0.010734665,
      "name": "yield 1000coro x100",
      "note": "context-switch, many short goroutines",
      "ops_per_s": 7810555.598795659,
      "per_op_ns": 128.031865,
      "per_op_s": 1.28031865e-07,
      "rsd_pct": 6.068399302613995,
      "samples": 20,
      "stdev_s": 0.0007708799808471665
    },
    {
      "ci95_hi_s": 0.120069053,
      "ci95_lo_s": 0.113745505,
      "inner": 100000,
      "mad_s": 0.004259448499999999,
      "mean_s": 0.1171069624,
      "median_s": 0.116647148,
      "min_s": 0.108276904,
      "name": "chan unbuf ping-pong x100k",
      "note": "always-park round-trip; comparable to Go BenchmarkPingPong",
      "ops_per_s": 857286.2835874907,
      "per_op_ns": 1166.4714800000002,
      "per_op_s": 1.16647148e-06,
      "rsd_pct": 5.794325970796404,
      "samples": 20,
      "stdev_s": 0.00678555913595398
    },
    {
      "ci95_hi_s": 0.14733096099999998,
      "ci95_lo_s": 0.1381378435,
      "inner": 500000,
      "mad_s": 0.005396333499999989,
      "mean_s": 0.14200455844999998,
      "median_s": 0.1426389415,
      "min_s": 0.119986205,
      "name": "chan buf64 send/recv x500k",
      "note": "buffered no-park fast path",
      "ops_per_s": 3505354.1111702654,
      "per_op_ns": 285.27788300000003,
      "per_op_s": 2.85277883e-07,
      "rsd_pct": 6.822958251826819,
      "samples": 20,
      "stdev_s": 0.009688911738734513
    }
  ],
  "suite": "micro"
}
