{
  "hubs": [
    1,
    8,
    16,
    44
  ],
  "n": 500000,
  "reps": 2,
  "c_entry_ns": [
    0.8323019719682634,
    50.71796997786313,
    52.985903086172854,
    34.41355636616288
  ],
  "python_ns": [
    237.9934930067975,
    171.16890080487056,
    283.4706251304866,
    7470.037390964364
  ],
  "python_distinct_ns": [
    256.46386196604,
    80.70268796546216,
    51.610732107660176,
    17.909424996769154
  ]
}