{
  "hubs": [
    1,
    8,
    16,
    44
  ],
  "n": 500000,
  "reps": 2,
  "c_entry_ns": [
    0.04035098710267246,
    57.96195458056347,
    45.594428060798364,
    3.6123609661764555
  ],
  "python_ns": [
    232.55498599610291,
    432.81085888575603,
    625.5881216152288,
    13230.988545358585
  ]
}