{
  "meta": {
    "payload": 64,
    "workers": 200,
    "reps": 2,
    "ramp_s": 2.0,
    "measure_s": 5.0
  },
  "results": {
    "runloom_cython": {
      "label": "Runloom (M:N) \u2014 Cython handler (compiled)",
      "cores": 44,
      "kind": "compiled",
      "conns": 25758,
      "conns_per_s": 5151.375749280607,
      "dial_errors": 0,
      "gomaxprocs": 16,
      "io_errors": 0,
      "measure_s": 5.000217661,
      "p50_us": 26832.937413496085,
      "p999_us": 371451.35822539777,
      "p99_us": 190693.18944822115,
      "payload": 64,
      "workers": 200,
      "server_util": 0.975120406458034
    },
    "go": {
      "label": "Go net (GOMAXPROCS=44)",
      "cores": 44,
      "kind": "compiled",
      "conns": 152191,
      "conns_per_s": 30437.900880660465,
      "dial_errors": 0,
      "gomaxprocs": 16,
      "io_errors": 0,
      "measure_s": 5.000049136,
      "p50_us": 5589.006899357588,
      "p999_us": 48324.60436850935,
      "p99_us": 24808.558999164277,
      "payload": 64,
      "workers": 200,
      "server_util": 0.13855265328325136
    },
    "runloom_py": {
      "label": "Runloom (M:N) \u2014 Python handler",
      "cores": 44,
      "kind": "interpreted",
      "conns": 159567,
      "conns_per_s": 31908.7564207861,
      "dial_errors": 0,
      "gomaxprocs": 16,
      "io_errors": 0,
      "measure_s": 5.000727634,
      "p50_us": 2550.7497910957613,
      "p999_us": 271415.8690899812,
      "p99_us": 80464.01848526079,
      "payload": 64,
      "workers": 200,
      "server_util": 0.589585780573628
    },
    "asyncio": {
      "label": "asyncio Protocol (1 core)",
      "cores": 1,
      "kind": "interpreted",
      "conns": 31200,
      "conns_per_s": 6239.543611078386,
      "dial_errors": 0,
      "gomaxprocs": 16,
      "io_errors": 0,
      "measure_s": 5.000365723,
      "p50_us": 31390.741523122662,
      "p999_us": 36722.72767557249,
      "p99_us": 35310.31507266585,
      "payload": 64,
      "workers": 200,
      "server_util": 0.9943342776203966
    },
    "uvloop": {
      "label": "uvloop (1 core)",
      "cores": 1,
      "kind": "interpreted",
      "conns": 37073,
      "conns_per_s": 7414.579678120019,
      "dial_errors": 0,
      "gomaxprocs": 16,
      "io_errors": 0,
      "measure_s": 5.000013704,
      "p50_us": 26832.937413496085,
      "p999_us": 32646.37118404757,
      "p99_us": 27906.254910035932,
      "payload": 64,
      "workers": 200,
      "server_util": 0.9929278642149929
    },
    "gevent": {
      "label": "gevent StreamServer (1 core)",
      "cores": 1,
      "kind": "interpreted",
      "conns": 24553,
      "conns_per_s": 4910.50604826988,
      "dial_errors": 0,
      "gomaxprocs": 16,
      "io_errors": 0,
      "measure_s": 5.000095664,
      "p50_us": 39719.30225389921,
      "p999_us": 46465.965738951294,
      "p99_us": 44678.81321053008,
      "payload": 64,
      "workers": 200,
      "server_util": 0.9929378531073446
    }
  }
}