{
  "meta": {
    "cpu_count": 64,
    "hubs": 44,
    "go_server_cores": 44,
    "client_cores": 16,
    "client_cpus": "0,1,2,3,4,5,6,7,8,9,10,11,12,13,14,15",
    "server_cpus": "16,17,18,19,20,21,22,23,24,25,26,27,28,29,30,31,32,33,34,35,36,37,38,39,40,41,42,43,44,45,46,47,48,49,50,51,52,53,54,55,56,57,58,59",
    "payload_small_bytes": 1024,
    "payload_large_bytes": 1572864,
    "ramp_s": 2.0,
    "measure_s": 5.0,
    "reps": 3,
    "conn_ladder": [
      16,
      32,
      64,
      128,
      256,
      512,
      1024,
      2048,
      4096,
      8192,
      16384,
      32768
    ],
    "sysctls": {
      "net.ipv4.tcp_wmem": "4096 16384 2097152",
      "net.ipv4.tcp_rmem": "4096 87380 2097152",
      "net.core.somaxconn": "65535",
      "net.ipv4.tcp_tw_reuse": "1"
    },
    "fd_limit": 8388608,
    "ft_python": "/home/x/.pyenv/versions/3.13.13t/bin/python3",
    "gil_python": "/home/x/.pyenv/versions/3.13.13/bin/python3"
  },
  "quick": false,
  "configs": {
    "go": {
      "empty": {
        "n": 200000,
        "rss_total": 543023104,
        "rss_baseline": 4554752,
        "bytes_per_fiber_rss": 2692.34176
      },
      "socket": {
        "n": 20000,
        "rss_total": 1392062464,
        "rss_baseline": 4771840,
        "bytes_per_fiber_rss": 69364.5312,
        "buffer_faulted": true
      },
      "million": {
        "n": 1000000,
        "rss_total": 2655899648,
        "pss_total": null,
        "rss_per_fiber": 2655.899648
      }
    },
    "runloom_py": {
      "empty": {
        "n": 200000,
        "rss_total": 1807564800,
        "rss_baseline": 46743552,
        "bytes_per_fiber_rss": 8804.10624,
        "bytes_per_fiber_pss": 8804.11648
      },
      "socket": {
        "n": 20000,
        "rss_total": 1657913344,
        "rss_baseline": 46690304,
        "bytes_per_fiber_rss": 80561.152,
        "bytes_per_fiber_pss": 80558.4896
      },
      "million": {
        "n": 1000000,
        "rss_total": 8847843328,
        "pss_total": 8839304192,
        "rss_per_fiber": 8847.843328
      }
    },
    "runloom_py_optmem": {
      "empty": {
        "n": 200000,
        "rss_total": 1807486976,
        "rss_baseline": 46686208,
        "bytes_per_fiber_rss": 8804.00384,
        "bytes_per_fiber_pss": 8804.01408
      },
      "socket": {
        "n": 20000,
        "rss_total": 1658195968,
        "rss_baseline": 46624768,
        "bytes_per_fiber_rss": 80578.56,
        "bytes_per_fiber_pss": 80592.0768
      },
      "million": {
        "n": 1000000,
        "rss_total": 8847720448,
        "pss_total": 8839457792,
        "rss_per_fiber": 8847.720448
      }
    },
    "runloom_c": {
      "empty": {
        "n": 200000,
        "rss_total": 1807577088,
        "rss_baseline": 46739456,
        "bytes_per_fiber_rss": 8804.18816,
        "bytes_per_fiber_pss": 8804.1984
      },
      "socket": {
        "n": 20000,
        "rss_total": 1572913152,
        "rss_baseline": 46895104,
        "bytes_per_fiber_rss": 76300.9024,
        "bytes_per_fiber_pss": 76296.2432
      },
      "million": {
        "error": "TimeoutExpired(['sudo', '-n', 'prlimit', '--nofile=8388608:8388608', 'taskset', '-c', '16,17,18,19,20,21,22,23,24,25,26,27,28,29,30,31,32,33,34,35,36,37,38,39,40,41,42,43,44,45,46,47,48,49,50,51,52,53,54,55,56,57,58,59', 'env', 'PYTHONPATH=/home/x/projects/pygo-bench/src', 'PYTHON_GIL=0', 'PATH=/home/x/projects/runloom_venv/bin:/usr/share/safe-rm/bin:/usr/share/safe-rm/bin:/home/x/.cargo/bin:/usr/share/safe-rm/bin:/usr/local/sbin:/usr/local/bin:/usr/sbin:/usr/bin:/sbin:/bin:/usr/games:/usr/local/games:/snap/bin:/snap/bin', 'HOME=/home/x', '/home/x/.pyenv/versions/3.13.13t/bin/python3', '/home/x/projects/pygo-bench/benchmark/suite/memory/mem_runloom.py', '--state', 'empty', '--n', '1000000', '--handler', 'c', '--hubs', '44'], 900)"
      }
    }
  }
}
