{
  "meta": {
    "git_commit": "530b873",
    "cpu_count": 64,
    "hubs": 44,
    "go_server_cores": 44,
    "client_cores": 16,
    "client_cpus": "0,1,2,3,4,5,6,7,8,9,10,11,12,13,14,15",
    "server_cpus": "16,17,18,19,20,21,22,23,24,25,26,27,28,29,30,31,32,33,34,35,36,37,38,39,40,41,42,43,44,45,46,47,48,49,50,51,52,53,54,55,56,57,58,59",
    "payload_small_bytes": 1024,
    "payload_large_bytes": 1572864,
    "ramp_s": 2.0,
    "measure_s": 5.0,
    "reps": 3,
    "conn_ladder": [
      16,
      32,
      64,
      128,
      256,
      512,
      1024,
      2048,
      4096,
      8192,
      16384,
      32768
    ],
    "sysctls": {
      "net.ipv4.tcp_wmem": "4096 16384 2097152",
      "net.ipv4.tcp_rmem": "4096 87380 2097152",
      "net.core.somaxconn": "65535",
      "net.ipv4.tcp_tw_reuse": "1"
    },
    "fd_limit": 8388608,
    "ft_python": "/home/x/.pyenv/versions/3.13.13t/bin/python3",
    "gil_python": "/home/x/.pyenv/versions/3.13.13/bin/python3"
  },
  "quick": false,
  "configs": {
    "go": {
      "empty": {
        "n": 200000,
        "rss_total": 535830528,
        "rss_baseline": 4554752,
        "bytes_per_fiber_rss": 2656.37888
      },
      "socket": {
        "n": 20000,
        "rss_total": 1390960640,
        "rss_baseline": 4542464,
        "bytes_per_fiber_rss": 69320.9088
      },
      "million": {
        "n": 1000000,
        "rss_total": 2652495872,
        "pss_total": null,
        "rss_per_fiber": 2652.495872
      }
    },
    "runloom_py": {
      "empty": {
        "n": 200000,
        "rss_total": 1807609856,
        "rss_baseline": 46809088,
        "bytes_per_fiber_rss": 8804.00384,
        "bytes_per_fiber_pss": 8803.79392
      },
      "socket": {
        "n": 20000,
        "rss_total": 1658159104,
        "rss_baseline": 46751744,
        "bytes_per_fiber_rss": 80570.368,
        "bytes_per_fiber_pss": 80570.624
      },
      "million": {
        "n": 1000000,
        "rss_total": 8845021184,
        "pss_total": 8837133312,
        "rss_per_fiber": 8845.021184
      }
    },
    "runloom_py_optmem": {
      "empty": {
        "n": 200000,
        "rss_total": 1807499264,
        "rss_baseline": 46665728,
        "bytes_per_fiber_rss": 8804.16768,
        "bytes_per_fiber_pss": 8803.43552
      },
      "socket": {
        "n": 20000,
        "rss_total": 1658007552,
        "rss_baseline": 46587904,
        "bytes_per_fiber_rss": 80570.9824,
        "bytes_per_fiber_pss": 80564.224
      },
      "million": {
        "n": 1000000,
        "rss_total": 8844013568,
        "pss_total": 8837268480,
        "rss_per_fiber": 8844.013568
      }
    },
    "runloom_c": {
      "empty": {
        "n": 200000,
        "rss_total": 1005305856,
        "rss_baseline": 47546368,
        "bytes_per_fiber_rss": 4788.79744,
        "bytes_per_fiber_pss": 4791.28064
      },
      "socket": {
        "n": 20000,
        "rss_total": 1572835328,
        "rss_baseline": 46903296,
        "bytes_per_fiber_rss": 76296.6016,
        "bytes_per_fiber_pss": 76296.3968
      },
      "million": {
        "n": 1000000,
        "rss_total": 4832948224,
        "pss_total": 4821946368,
        "rss_per_fiber": 4832.948224
      }
    }
  }
}