{
  "meta": {
    "git_commit": "530b873",
    "cpu_count": 64,
    "hubs": 44,
    "go_server_cores": 44,
    "client_cores": 16,
    "client_cpus": "0,1,2,3,4,5,6,7,8,9,10,11,12,13,14,15",
    "server_cpus": "16,17,18,19,20,21,22,23,24,25,26,27,28,29,30,31,32,33,34,35,36,37,38,39,40,41,42,43,44,45,46,47,48,49,50,51,52,53,54,55,56,57,58,59",
    "payload_small_bytes": 1024,
    "payload_large_bytes": 1572864,
    "ramp_s": 2.0,
    "measure_s": 5.0,
    "reps": 3,
    "conn_ladder": [
      16,
      32,
      64,
      128,
      256,
      512,
      1024,
      2048,
      4096,
      8192,
      16384,
      32768
    ],
    "sysctls": {
      "net.ipv4.tcp_wmem": "4096 16384 2097152",
      "net.ipv4.tcp_rmem": "4096 87380 2097152",
      "net.core.somaxconn": "65535",
      "net.ipv4.tcp_tw_reuse": "1"
    },
    "fd_limit": 8388608,
    "ft_python": "/home/x/.pyenv/versions/3.13.13t/bin/python3",
    "gil_python": "/home/x/.pyenv/versions/3.13.13/bin/python3"
  },
  "quick": false,
  "metrics": {
    "spawn": {
      "runloom": {
        "n": 1000000,
        "seconds": 0.504606,
        "rate_per_s": 1982647.4335563534,
        "cores": 8
      },
      "runloom_c": {
        "n": 1000000,
        "seconds": 1.0128,
        "rate_per_s": 987269.4379958744,
        "cores": 8
      },
      "go": {
        "n": 1000000,
        "seconds": 0.471694,
        "rate_per_s": 2120198.011228823,
        "cores": 8
      },
      "asyncio": {
        "n": 1000000,
        "seconds": 12.52663,
        "rate_per_s": 79829.46,
        "cores": 1
      },
      "greenlet": {
        "n": 1000000,
        "seconds": 20.234,
        "rate_per_s": 49422.31,
        "cores": 1
      },
      "uvloop": {
        "n": 1000000,
        "seconds": 11.586,
        "rate_per_s": 86309.92,
        "cores": 1
      }
    },
    "ctxswitch": {
      "runloom": {
        "switches": 3999424,
        "seconds": 94.84700977097964,
        "ns_per_switch": 23715.16742685438,
        "cores": 44
      },
      "go": {
        "switches": 3999424,
        "seconds": 2.830476081,
        "ns_per_switch": 707.7209320642172,
        "cores": 44
      },
      "asyncio": {
        "switches": 4000000,
        "seconds": 7.525254208943807,
        "ns_per_switch": 1881.3135522359516,
        "cores": 1
      },
      "greenlet": {
        "switches": 4000000,
        "seconds": 1.7898497090209275,
        "ns_per_switch": 447.46242725523183,
        "cores": 1
      },
      "uvloop": {
        "switches": 4000000,
        "seconds": 3.726916212006472,
        "ns_per_switch": 931.729053001618,
        "cores": 1
      }
    },
    "rtt": {
      "runloom": {
        "ns_per_rtt": 61536.6733202245,
        "n": 100000,
        "payload": 64,
        "cores": 1,
        "runtime": "runloom",
        "metric": "rtt"
      },
      "go": {
        "metric": "rtt",
        "n": 100000,
        "ns_per_rtt": 75366.76871,
        "payload": 64,
        "runtime": "go"
      },
      "asyncio": {
        "ns_per_rtt": 152654.18124967255,
        "n": 100000,
        "payload": 64,
        "cores": 1,
        "runtime": "asyncio",
        "metric": "rtt"
      },
      "greenlet": {
        "ns_per_rtt": 81868.39431989938,
        "n": 100000,
        "payload": 64,
        "cores": 1,
        "runtime": "greenlet",
        "metric": "rtt"
      },
      "uvloop": {
        "ns_per_rtt": 88741.17230996491,
        "n": 100000,
        "payload": 64,
        "cores": 1,
        "runtime": "uvloop",
        "metric": "rtt"
      }
    },
    "http": {
      "runloom": {
        "rps": 144301.23851275956,
        "reqs": 721592,
        "measure_s": 5.000594641023781,
        "conns": 256,
        "cores": 16,
        "runtime": "runloom",
        "metric": "http"
      },
      "go": {
        "conns": 256,
        "cores": 16,
        "errors": 0,
        "measure_s": 5.000031999,
        "metric": "http",
        "reqs": 622515,
        "rps": 124502.2032107999,
        "runtime": "go"
      },
      "asyncio": {
        "rps": 11070.504562967888,
        "reqs": 55552,
        "measure_s": 5.018018797971308,
        "conns": 256,
        "cores": 1,
        "runtime": "asyncio",
        "metric": "http"
      },
      "greenlet": {
        "rps": 16974.03980837742,
        "reqs": 85093,
        "measure_s": 5.013125983008649,
        "conns": 256,
        "cores": 1,
        "runtime": "greenlet",
        "metric": "http"
      },
      "uvloop": {
        "rps": 38226.509792065866,
        "reqs": 191280,
        "measure_s": 5.003857297997456,
        "conns": 256,
        "cores": 1,
        "runtime": "uvloop",
        "metric": "http"
      }
    }
  }
}