{
  "meta": {
    "cpu_count": 64,
    "hubs": 44,
    "go_server_cores": 44,
    "client_cores": 16,
    "client_cpus": "0,1,2,3,4,5,6,7,8,9,10,11,12,13,14,15",
    "server_cpus": "16,17,18,19,20,21,22,23,24,25,26,27,28,29,30,31,32,33,34,35,36,37,38,39,40,41,42,43,44,45,46,47,48,49,50,51,52,53,54,55,56,57,58,59",
    "payload_small_bytes": 1024,
    "payload_large_bytes": 1572864,
    "ramp_s": 2.0,
    "measure_s": 5.0,
    "reps": 3,
    "conn_ladder": [
      16,
      32,
      64,
      128,
      256,
      512,
      1024,
      2048,
      4096,
      8192,
      16384,
      32768
    ],
    "sysctls": {
      "net.ipv4.tcp_wmem": "4096 16384 2097152",
      "net.ipv4.tcp_rmem": "4096 87380 2097152",
      "net.core.somaxconn": "65535",
      "net.ipv4.tcp_tw_reuse": "1"
    },
    "fd_limit": 8388608,
    "ft_python": "/home/x/.pyenv/versions/3.13.13t/bin/python3",
    "gil_python": "/home/x/.pyenv/versions/3.13.13/bin/python3"
  },
  "quick": false,
  "metrics": {
    "spawn": {
      "runloom": {
        "n": 1000000,
        "seconds": 14.033577303984202,
        "rate_per_s": 71257.66854300899,
        "cores": 44
      },
      "go": {
        "n": 1000000,
        "seconds": 0.669469125,
        "rate_per_s": 1493720.8642743607,
        "cores": 44
      },
      "asyncio": {
        "n": 1000000,
        "seconds": 13.943350991990883,
        "rate_per_s": 71718.77123185122,
        "cores": 1
      },
      "greenlet": {
        "n": 1000000,
        "seconds": 23.392664215993136,
        "rate_per_s": 42748.44416038419,
        "cores": 1
      },
      "uvloop": {
        "n": 1000000,
        "seconds": 12.229306032997556,
        "rate_per_s": 81770.78873500784,
        "cores": 1
      }
    },
    "ctxswitch": {
      "runloom": {
        "switches": 3999424,
        "seconds": 89.93553081102436,
        "ns_per_switch": 22487.120848158225,
        "cores": 44
      },
      "go": {
        "switches": 3999424,
        "seconds": 2.7542572720000003,
        "ns_per_switch": 688.6634855419181,
        "cores": 44
      },
      "asyncio": {
        "switches": 4000000,
        "seconds": 8.603586484998232,
        "ns_per_switch": 2150.896621249558,
        "cores": 1
      },
      "greenlet": {
        "switches": 4000000,
        "seconds": 1.8521502439980395,
        "ns_per_switch": 463.0375609995099,
        "cores": 1
      },
      "uvloop": {
        "switches": 4000000,
        "seconds": 4.2305633679789025,
        "ns_per_switch": 1057.6408419947256,
        "cores": 1
      }
    },
    "rtt": {
      "runloom": {
        "ns_per_rtt": 73252.77885975083,
        "n": 100000,
        "payload": 64,
        "cores": 1,
        "runtime": "runloom",
        "metric": "rtt"
      },
      "go": {
        "metric": "rtt",
        "n": 100000,
        "ns_per_rtt": 89765.53723,
        "payload": 64,
        "runtime": "go"
      },
      "asyncio": {
        "ns_per_rtt": 168696.4148498373,
        "n": 100000,
        "payload": 64,
        "cores": 1,
        "runtime": "asyncio",
        "metric": "rtt"
      },
      "greenlet": {
        "ns_per_rtt": 91813.34751017856,
        "n": 100000,
        "payload": 64,
        "cores": 1,
        "runtime": "greenlet",
        "metric": "rtt"
      },
      "uvloop": {
        "ns_per_rtt": 109249.11632988369,
        "n": 100000,
        "payload": 64,
        "cores": 1,
        "runtime": "uvloop",
        "metric": "rtt"
      }
    },
    "http": {
      "runloom": {
        "rps": 148030.13250023825,
        "reqs": 740159,
        "measure_s": 5.000056322984165,
        "conns": 256,
        "cores": 16,
        "runtime": "runloom",
        "metric": "http"
      },
      "go": {
        "conns": 256,
        "cores": 16,
        "errors": 0,
        "measure_s": 5.000006712,
        "metric": "http",
        "reqs": 627852,
        "rps": 125570.23143452131,
        "runtime": "go"
      },
      "asyncio": {
        "rps": 10572.420904085924,
        "reqs": 53210,
        "measure_s": 5.032905942993239,
        "conns": 256,
        "cores": 1,
        "runtime": "asyncio",
        "metric": "http"
      },
      "greenlet": {
        "rps": 16788.94129401688,
        "reqs": 84088,
        "measure_s": 5.008534994994989,
        "conns": 256,
        "cores": 1,
        "runtime": "greenlet",
        "metric": "http"
      },
      "uvloop": {
        "rps": 36715.35740435771,
        "reqs": 183792,
        "measure_s": 5.005861660989467,
        "conns": 256,
        "cores": 1,
        "runtime": "uvloop",
        "metric": "http"
      }
    }
  }
}